english,analytical_skills,domain_skills,quantitative_ability,college,performance,cluster_kmeans,cluster_agglomerative,cluster_dbscan
4.165731763136061,4.501009128424242,4.126971303665382,4.1156956367984066,4.352426164897591,BP,0,2,0
4.004300484025969,4.272965582737749,4.134231233443657,4.0362266436564465,4.375337646523085,BP,2,0,0
4.109375418457454,4.065777855433773,4.113495018386841,3.667650107932328,4.278423832591318,BP,1,2,-1
4.308877562890687,3.9723189941118715,3.9846718294771835,3.9412575729085906,4.36216400557763,BP,2,2,-1
4.143994292263942,3.908308944721555,3.7418470351738033,3.8309255057866105,4.179094123975803,BP,1,2,-1
3.9922524744056584,4.015738503852813,3.8705897626970516,3.9866992031928574,4.331171840622233,BP,1,2,-1
4.14299208069807,4.112332827590323,4.136288738108499,3.9817935303479794,4.427637145925934,BP,2,0,0
4.287980008779073,4.048670918521411,4.3682458831743665,4.194168533943373,4.438210036306836,BP,0,0,-1
4.1372524767517875,3.970856771001765,4.112752488379479,4.093513152818768,4.345405872051481,BP,2,0,0
4.236521372365404,4.013202657416378,4.24356017606583,3.8848172504180605,4.401134576287383,MP,2,0,0
4.326891840964027,4.274451884257971,4.479661566820366,4.371019854659964,4.4492957992089845,BP,0,1,-1
4.27484401024927,4.260036577800891,4.289230616148607,3.9914806999192485,4.3899948043230586,MP,0,1,0
4.277422632655419,4.236261904413183,4.238546717668652,4.2299865932500875,4.318065724464772,BP,0,1,0
4.124259809408191,4.392125474370695,3.8071336618593077,4.441603414024888,4.4148164574968725,MP,0,2,-1
3.989193674899204,4.07736689836135,4.1714194063099175,4.312946231735693,4.484169479175721,BP,2,0,-1
4.149523440829352,4.343478759234561,4.29926608462051,4.232598306569715,4.317621437981545,BP,0,1,0
4.1298858501456355,4.332662444626813,4.267927445614373,4.105173565304043,4.423608340540379,BP,0,1,0
4.187311591858565,4.245827329982072,4.119543844584527,4.059236217136897,4.439115601658009,BP,2,1,0
4.114123316903643,4.158710359799098,4.144271128036168,4.239865927770083,4.239934897098993,BP,1,1,0
3.946948842999322,3.8949133244277583,3.9968238004499104,4.193234232317133,4.440059665924491,BP,2,0,-1
4.22942866656918,4.301876254437259,4.026235532507856,4.135990386517033,4.342375829044089,LP,0,2,-1
4.504454859879714,4.307117116548879,3.758416308381788,4.202130269185766,4.296241777927956,BP,0,2,-1
4.011133283597946,3.8785842000404207,3.8554661697149544,4.097606818272706,4.313658567955772,LP,1,2,-1
3.9830399095058993,4.1920712759334675,3.738853481744831,4.096933347367077,4.270629416216625,BP,1,2,-1
4.104100020334606,4.248745830585776,4.171662463614347,4.121142226878255,4.384814411876203,BP,0,1,0
3.843105331566695,4.267265260793846,4.092572100613954,4.098808501403052,4.4297447958819784,BP,2,0,-1
3.8173246430879475,3.8569858785822273,4.1929560300773066,4.059105026892064,4.470724089435168,BP,2,0,-1
4.1253877164793815,4.0602854145262715,3.8906125562038163,3.856728273381457,4.4048068506933715,MP,2,2,-1
3.771355351254672,4.210976121879727,3.924197501582817,3.9451297585775587,4.240847021211102,MP,1,2,-1
4.196090068490661,3.996043104720553,3.992744803237542,3.8514881776466035,4.390903782611485,LP,2,2,-1
4.105321548287943,4.373771474916385,3.953323119051125,4.214873449116786,4.373868446972418,BP,0,2,-1
4.257061378127867,4.373042139844716,4.199385106603179,4.238164083710815,4.338205355125032,BP,0,1,0
4.186946110300338,4.114476959746219,4.223405737812841,4.0883202598336705,4.347262642237542,BP,0,1,0
3.9424105971797587,4.223414797225188,3.895352856301955,4.230787631196043,4.335939065203206,BP,1,2,-1
4.1429967625454145,4.052136953766547,4.199411356068535,4.055303349601628,4.466329485805673,MP,2,0,0
4.038872453356887,4.149505474824581,3.881069453767034,4.114678669847858,4.291782766080835,BP,1,2,-1
4.181393408416474,4.292291107239175,4.164290049236329,4.016889666773343,4.311604170377335,BP,0,1,0
4.425656726561287,4.320406369055496,4.137671405519714,4.102780836579343,4.3374214512437606,BP,0,1,-1
4.375817014154787,4.399416242251085,4.239089258131396,4.194535051485658,4.502177235804343,BP,0,1,0
4.1138243124364715,4.075715242953481,4.063930153635387,3.956455936676409,4.492001487882454,BP,2,0,0
4.120730379422642,4.462161367428056,4.263303455744527,4.4695329555068355,4.527280713993385,BP,0,1,-1
3.971593073411457,4.1200070777504285,4.145866955647171,3.8678520407523154,4.45384329329636,LP,2,0,0
3.8469142997436285,4.393911221350239,4.16825315238523,3.906895854733689,4.308110951723713,BP,1,2,-1
4.188174791898404,4.118354120714148,4.345017388700726,4.030961071286307,4.444414407108697,BP,2,1,0
4.17645037327679,3.900671704255775,4.181763444773227,3.7433031863833333,4.3418988435831025,BP,1,2,-1
4.272769173834398,4.378712694060643,3.993279765322306,4.006232403180059,4.255139784768027,LP,1,2,-1
4.1863465037056535,4.325436955732672,4.3335877929637086,3.9279234340738958,4.349933791126618,BP,0,1,0
4.395799076293916,4.1988879114249755,4.39514743190371,4.167820471132573,4.386640972224627,MP,0,1,0
4.150136572390632,3.88566189189313,4.239480351495714,4.1418548922413025,4.245872758724934,BP,1,1,-1
4.191418304115002,4.401320941963188,4.1187183224320165,4.230594936324405,4.441474093317302,BP,0,1,0
4.247615123727601,4.394576517560338,4.371547563517995,4.162311766464315,4.393007787183116,BP,0,1,0
4.232094101067244,4.119697625020123,4.223443168963456,4.133034129500688,4.4034619153939465,BP,0,0,0
4.13366268674733,4.009781107483431,4.272821065776413,3.821771142687026,4.35036395416504,MP,2,2,-1
4.279756353725613,4.202426909749267,4.215238831532504,4.082422920542194,4.332267250962898,BP,0,1,0
4.010226482287008,4.3115456241019166,4.384596301448071,4.266272449718222,4.375757021660286,BP,0,1,0
3.84864644295325,4.14919388873691,4.133248566148197,3.854603007881073,4.505276183167448,BP,2,0,-1
4.190440859419358,4.004659686897997,4.167587572701454,4.2480066717190805,4.458486006785268,MP,2,0,0
4.12955459691876,3.9630560073108296,3.989869919628789,4.021989808265268,4.402849982687447,MP,2,0,0
4.003591052654006,3.931215968041762,3.666939550202102,3.8514083646664012,4.375085936994551,BP,1,2,-1
4.2542309790627595,4.113925144537574,4.298362321771727,3.9768870913879093,4.355425952876702,MP,0,1,0
4.288811888174588,4.456045623815873,4.3161903093945115,4.221869212868535,4.337726375777302,BP,0,1,0
4.222000454191818,4.244998407045981,4.08604711267557,3.9273221336655384,4.480173695813406,BP,2,1,0
4.140297098661869,4.080723132278127,3.897047101144743,3.8593926019982,4.376176220995706,BP,2,2,-1
3.980057538278656,4.112979290906673,3.9840721431019777,3.761107991289338,4.343848710959987,LP,1,2,-1
4.136686424921706,4.0908383410398965,4.227422152432107,3.8536401524346333,4.330733340286331,BP,1,2,-1
4.087975378775483,3.763253009393685,4.2307893921790445,4.145702572075153,4.368181227851829,BP,2,0,-1
4.517147426346033,4.397689139118954,4.151930785359148,3.9429021625692044,4.416911036527384,BP,0,1,-1
4.3629192469014075,4.3535228923911635,4.163527702340441,4.069869328673706,4.454463568563388,BP,0,1,0
4.2671502212458385,4.054831442850527,4.096187271865314,4.006755152711491,4.257502176606144,MP,1,2,-1
4.20604656938256,4.418007438625591,4.016664483465731,4.198767916195282,4.266802821412421,MP,0,2,-1
4.297968625824899,3.9277775997285254,4.113323281442211,3.9638456255165275,4.331610148759865,MP,2,0,-1
4.268600139508659,4.2444319182201555,3.9577345509309545,4.085013762388791,4.354612614076274,BP,0,2,-1
3.900721128685727,3.9514574472630484,4.117581604833877,3.883964959096318,4.4234884244814765,BP,2,0,-1
4.526760023473182,4.432812134564755,4.087238088542104,4.548042652212706,4.34298257258355,BP,0,1,-1
4.276406680562018,4.0693569975728785,3.889717509475816,3.873392709821374,4.471067201464611,BP,2,0,-1
4.410434706731886,4.209173555267937,4.367126701929506,4.038180875985306,4.464911453566523,BP,0,1,-1
4.315029353617696,4.274921881767537,3.8572934040071294,4.096441264979227,4.312542571143296,LP,0,2,-1
4.097534234865479,3.9946151877816183,4.240060704806843,4.0310416751620135,4.366193618037558,BP,2,0,0
4.160184586340434,4.167625069698839,3.943602899918407,4.036435103999233,4.485259889315534,BP,2,0,0
4.259310784552467,4.3651680082416116,4.302991041160292,4.198601148145534,4.437185365294189,BP,0,1,0
4.067591257186692,4.2956829375253,3.9656460995631897,4.104558898661933,4.4058652241537235,BP,2,0,0
4.072555950366239,4.2705791992212525,4.29336537716871,4.299865851460417,4.412798293340635,BP,0,1,0
4.231749281021713,4.183118467257343,4.354385298017091,4.253552480221246,4.373532326638175,BP,0,1,0
3.858303449007609,3.718136237324188,4.226476424527575,3.9696659689773237,4.295696843533653,BP,1,0,-1
4.082749293911552,4.056592711431096,4.2313874409517815,4.062202094016625,4.377014092850337,BP,2,0,0
4.052025974466523,4.092621291777704,4.125598424811792,3.7944772170125085,4.309500743702811,MP,1,2,-1
4.515463090846902,4.486536077983082,4.151848158366648,3.9681606407468846,4.426840650463674,BP,0,1,-1
4.187441269415531,4.149505474824581,3.998753290762226,4.059589352846849,4.416105948326744,MP,2,0,0
4.248905304936578,4.191884475612852,4.229616767517354,4.0005517674980515,4.351868069277034,MP,0,1,0
4.057948597204195,4.314475704849174,4.147916063374007,3.84820348298949,4.435804340354353,BP,2,0,-1
4.241809914688513,3.9325610594267917,4.128382365262517,4.037522043657356,4.331785418237135,BP,2,0,0
3.820174016175324,4.237943777452512,4.023172928148908,3.9263824360963957,4.3943256902608985,BP,2,0,-1
4.11737404408385,4.351524847652664,4.045506669741791,4.19671361919885,4.4456663144745825,BP,0,1,0
4.078372826735204,4.1308262118097385,4.217554115446627,3.978290146987949,4.4337094365268825,MP,2,0,0
4.358783805821256,4.213859746773952,4.12139143793196,4.127450590558272,4.4352513959111795,BP,0,1,0
4.28541314577474,4.295952071107233,4.1051184790979605,3.8339135055916937,4.369574426734642,LP,2,1,-1
4.194643143310073,4.389958239167429,4.402913078576246,4.097937498911764,4.39156433915437,BP,0,1,0
4.141520213527737,4.284116504376869,4.126292536752959,3.9624908248298665,4.462453883786496,BP,2,1,0
4.296976137649807,4.388214709280378,4.195517772217223,4.150356170820554,4.426043520090656,BP,0,1,0
4.389579817309353,3.9921911784769546,4.189341789008524,3.9044903756159375,4.418961082466944,MP,2,0,0
4.101756487330978,3.8611678692491647,3.6469391429424274,4.045380109667374,4.328845594703018,LP,1,2,-1
4.157321002560981,4.256265059686368,4.5495330640166465,4.157113374546991,4.372397085698038,BP,0,1,-1
4.259944632642306,4.383383078854033,4.244288847320402,4.260099385977562,4.492859648858947,BP,0,1,0
4.159296141909906,4.446201399148399,4.071556317141263,4.182584836009872,4.352426164897591,MP,0,2,0
3.7870141001510316,4.260036577800891,4.1045798299357665,3.7705454008476833,4.220781403481843,LP,1,2,-1
4.221680987943063,4.034615176603286,4.145991923654735,3.759310981430298,4.326381780706431,MP,1,2,-1
4.038065519685566,3.82881534501026,4.1103858671310975,3.8416152410659294,4.3892091121499,BP,2,0,-1
4.049637310132251,4.103246923822514,3.9893511533413815,3.900088390088797,4.3149070075686105,MP,1,2,-1
4.103675223147655,4.135485822906172,4.229922512266986,3.77598026109194,4.263477680776994,BP,1,2,-1
4.345654871200553,4.448077932805698,4.189766542866187,4.081546837724664,4.314372152858053,BP,0,1,0
3.8619529945394744,3.782198895851937,4.0448320741273855,3.971754562569535,4.422968621994713,MP,2,0,-1
4.049064053264009,4.368564435324141,4.310411555981468,4.325697910689013,4.374708253866202,BP,0,1,0
4.203802733704443,4.001116778739926,4.427498897603035,3.975998613009267,4.376176220995706,BP,0,0,-1
4.235669311128954,4.2842404909915786,4.481060276469701,4.243922817342283,4.460337073605128,BP,0,1,-1
4.124302248686798,4.113466747947456,4.2024424748973015,4.253512109654409,4.398678879886932,BP,0,0,0
3.993575690788881,4.09124088788398,4.092498933418503,4.080308738335139,4.490058578886867,MP,2,0,-1
3.9985333536237353,4.278957455835043,3.912684849066697,4.087930866873065,4.2243976904702984,LP,1,2,-1
4.318409406829336,4.23183092017398,4.354700313127044,4.166462819858809,4.405091907604878,BP,0,1,0
4.37961770220252,4.312595345959981,4.148234105977779,4.0748053225391,4.4156225841023975,BP,0,1,0
4.163791961631172,3.805625151990454,4.230279271992728,3.9295857627595514,4.335677239403141,BP,2,0,-1
4.161018139633622,4.473622208642421,4.133249403299405,4.1408789536776816,4.34150841345429,BP,0,2,0
4.389760805316408,4.363888141164088,4.4544604488082005,4.10944863722705,4.339814785864572,BP,0,1,-1
3.9101252885108164,4.121266822236168,4.440296461154083,4.249702589050594,4.406149979571086,BP,0,1,-1
4.207196664657989,4.256463784113672,3.792313574921427,3.8134402129329037,4.470876598204718,BP,2,0,-1
4.217397192849366,4.42552530770254,4.078783958667958,4.078522377077344,4.4023601667668,BP,0,1,0
4.192135868456634,4.040616086345788,4.206379957622004,3.8762036791011125,4.383691913992943,MP,2,0,0
4.107486650786784,4.4080201836666895,4.233748036819566,4.2620488936869325,4.317043570297161,MP,0,1,0
4.422535777055713,4.413257071057525,4.187721788644048,4.372950185521938,4.529584199031496,BP,0,1,-1
4.285141500907069,4.139585983627104,4.0619010949003505,4.097714213847313,4.4555481253571525,LP,2,0,0
4.038700174406199,4.492468707620144,4.143968445954599,4.254261746819677,4.248161853148122,MP,0,1,-1
3.9864948183670403,4.2899829144582595,4.40787277821581,4.147521537258183,4.335371689301461,BP,0,1,0
4.3857564580624455,4.318158878945077,4.130664917772414,4.157534641925455,4.342635907068963,BP,0,1,0
3.953530763970402,4.286332572573061,4.305038524764637,4.089845922565622,4.403380345998738,BP,2,0,0
4.427632148410535,4.4309067068294,4.16380133796516,4.2104298958854445,4.415098675734075,BP,0,1,0
4.315426229659416,4.293835496273562,4.245732147793128,4.070993210088332,4.2700703405404905,BP,0,1,0
3.962501528387014,4.266176734366076,4.121661905525203,4.011753893885498,4.390738575275903,MP,2,0,0
4.096802360776285,4.033940976610818,4.066109606580086,4.082010143047066,4.397325671963051,BP,2,0,0
4.119141898303236,4.363760176573736,4.15938096741932,4.131412072384269,4.435290902084024,BP,0,1,0
4.348689377142515,4.340655534961278,4.019856019139557,4.014930543057695,4.491179948570404,MP,2,1,0
4.3512907695228655,4.070767921503448,4.246854349106384,4.020635250869132,4.4168305568685735,LP,0,0,0
4.141579325607541,4.271883246959087,4.2125627533687835,4.306770765305891,4.277684119196516,BP,0,1,0
4.0883636159030745,4.059944745889303,4.104714142741222,3.9969143094955064,4.367758662876176,BP,2,0,0
4.117756048320342,4.20245178830657,4.242316519007565,4.4751253282927514,4.307123474647198,BP,0,1,-1
3.842174691310955,3.777918556279955,3.995440388118116,4.033287172308738,4.416347542851777,BP,2,0,-1
4.0206725237148735,4.257842518567876,4.061885231748481,3.806449221607733,4.465946432096859,BP,2,0,-1
4.153237167453104,4.140598229003454,4.193643264653578,3.9454760589095783,4.279393876781295,BP,1,2,-1
4.0638795312777685,4.231413265655437,4.209889206080402,3.984055857304747,4.4434352628025255,MP,2,0,0
4.293863348691883,4.06295806607771,4.196441143168685,4.013795705833485,4.432085834546618,BP,2,0,0
3.8931402418289593,4.113602270703989,4.061539400378594,4.078873963880224,4.398310004746983,BP,2,0,-1
4.254812231975847,4.056262996034314,4.314715077849907,4.171853954143247,4.370712874773608,BP,0,1,0
4.240214161743039,4.326462882086887,3.8954271962047096,3.9052520014982797,4.311201728893603,MP,1,2,-1
4.230822675451449,4.335141020193861,4.508631446268427,4.26010488171092,4.425285657227554,BP,0,1,-1
4.194763815980776,4.498586111509115,4.460112425277408,4.403751545753393,4.475441079313307,BP,0,1,-1
3.906061257161905,4.2347330247259,4.163473878036085,3.9826192646464325,4.434698145551286,BP,2,0,0
4.102357702235704,4.273161016243995,4.228674635742771,4.235682556634959,4.322232397159619,BP,0,1,0
4.158416524291941,4.1323780563556545,3.9257876173992723,3.9328692577143296,4.427637145925934,MP,2,0,0
4.202379848175503,3.9438723312603257,3.661779279504277,3.9000602104031863,4.4130810816350845,MP,2,2,-1
4.151802842815078,4.169720770126991,4.215682008595527,4.188657001584884,4.4034619153939465,BP,0,0,0
4.083197621752415,4.227107419582107,4.150869791804581,4.2154449762928285,4.314372152858053,LP,0,1,0
4.204263964080182,4.037357228731635,4.458907727461243,4.13812132048888,4.271001959761961,BP,0,1,-1
4.003721374809456,4.388995459759183,4.159858525526271,4.24433621786288,4.295015257684252,BP,0,1,0
4.083910012086802,4.171224346613141,4.112495535224391,4.316911218571582,4.480891096588006,BP,2,0,0
4.133286919699436,4.258660867135084,4.166613229087825,4.166123887176235,4.28588277412098,BP,0,1,0
4.217931764461483,3.4418906604842925,4.154297285342457,4.1423915211263385,4.39156433915437,BP,2,0,-1
4.210896577066654,4.289519944183862,4.1008504139213375,4.188347034899048,4.249589880808925,BP,0,1,0
4.148075198851679,4.2239197271142634,4.187562338547191,4.204234151988438,4.2810085289439614,BP,0,1,0
4.161031599783987,4.194016468290081,4.438942394214523,4.059691246524288,4.420365548900331,BP,0,1,0
4.155973098674544,4.257562929020981,3.832230198687044,3.7064412178928414,4.282988682016664,MP,1,2,-1
4.175146351415289,4.0886428644178485,3.9640174736422127,4.126200174368934,4.407938016458383,MP,2,0,0
3.9908482753244106,3.8399196991651308,3.7480921190225582,3.779641644112823,4.464758032271346,MP,2,0,-1
4.146073082046869,4.169720770126991,4.016822339975752,4.101242617963192,4.395271861423902,BP,2,0,0
3.9852057243724053,3.648659313085011,4.021586408559478,3.857742205170173,4.267877612982976,MP,1,0,-1
4.299789769413852,4.3212559300798485,3.7297803843165194,4.274621921171072,4.352426164897591,MP,0,2,-1
4.337189139380663,4.368072751723131,4.237712165436871,4.244572593118331,4.214593690373678,BP,0,1,-1
4.361186978642021,4.389958239167429,4.051553543895544,4.101489598465203,4.441238494305728,BP,0,1,0
3.9175613008492705,4.011441454480994,4.055594587822896,3.9500724237523106,4.23081607290498,MP,1,2,-1
4.193888430365611,4.147054679042624,4.197386248206285,4.095772948537956,4.425644716496138,LP,2,0,0
4.287127410964133,3.92663811416802,4.2531158255628005,4.129089859502631,4.4435919903320364,BP,2,0,0
4.226472538812861,4.224051406035543,4.319629643442218,4.139795839190691,4.388546997497116,BP,0,1,0
4.211240233848784,4.496858100783327,4.098080219540029,3.9920631619978364,4.34747832216936,BP,0,2,0
4.095794233581809,4.3142787457902525,3.8873512939486923,3.9450758806971846,4.379231064038414,BP,2,0,-1
3.961577656800772,4.278155556121089,3.7757415830088807,4.018435634159395,4.423888088768799,MP,2,0,-1
4.029505683240901,4.396490449000247,4.303665226781347,4.191146618338901,4.386558019093099,BP,0,1,0
4.244040013306682,4.244715202746767,3.871745466040878,3.917927214883786,4.43477720005941,BP,2,0,-1
4.413870894768108,4.4032220206900945,3.655529402205894,4.267477771304774,4.4316101348627095,BP,0,2,-1
4.32139740092496,4.162420069237844,3.983567217328504,3.9816699006129523,4.333929979971159,BP,1,2,-1
4.256170351838509,4.117090699297539,4.0925279590622745,3.8564192799861963,4.442690471407676,BP,2,0,-1
4.154632891189958,4.299645331437574,4.229031080171737,4.302145769500882,4.356837023600222,BP,0,1,0
4.181393408416474,3.750912561800651,3.8929497100279757,3.863661661219593,4.298871449374426,MP,1,2,-1
3.872274393252788,4.063384118701349,3.877233298323946,3.970981068472503,4.2593880800411,MP,1,2,-1
4.182004996875509,4.16119465035569,4.205029805602846,4.244027466826456,4.444218654930329,BP,0,0,0
4.191751207414828,4.3603608817541835,4.206518919704741,3.903737984899996,4.382026634673881,BP,0,1,0
3.960303267123018,4.331383165965411,4.164303556791483,3.793994278632466,4.505055147985114,BP,2,0,-1
4.089298078887149,3.9754058949919706,4.353664418669707,3.7828936710390697,4.413323407969065,MP,2,0,-1
4.240040671139101,4.206297390149828,4.4217218993097465,4.027747695490741,4.376008562348319,LP,0,1,0
3.9749166534138944,4.185925200339743,3.9745626469157447,3.9322344343242235,4.406190652297994,LP,2,0,0
4.35766359689048,4.176968556859771,3.997081286176932,4.0388642704714215,4.411585436915426,BP,2,1,0
4.287371623971064,4.302641106109802,4.353394265011597,4.253749525662271,4.287532788245447,BP,0,1,0
4.136197311457139,4.027298020564415,4.217747033236083,3.9979494444232326,4.425804257019769,BP,2,0,0
4.36352696595343,4.082033316338687,3.993717403221165,3.946086447704902,4.3811929539253045,BP,2,2,-1
4.210557496384266,4.095854898441649,4.2765359909929055,4.155601850988653,4.310127759130018,BP,0,1,0
4.023826555434447,3.9704842271156533,4.070450985691226,4.10449234866287,4.359908829420263,BP,2,0,0
4.07171288408646,4.131438175332862,4.358559469303176,4.188529454055781,4.352769453606764,BP,0,1,0
4.2584455895563575,4.326462882086887,4.116753609473387,4.042243109033366,4.422448549172797,BP,0,1,0
4.39971782888505,4.470075603463279,4.1211375426552435,4.160761291232813,4.390738575275903,BP,0,1,0
4.134646783774171,3.7915548275868995,3.9271864873453066,4.024617999427546,4.344627594599537,MP,1,2,-1
4.296548945697718,4.204160766211767,4.255825787214993,4.161312977032862,4.383317467856805,BP,0,1,0
4.068701873906291,4.257842518567876,4.018208710326707,3.921761085465895,4.441081397455196,BP,2,0,0
4.290422693011131,4.074732530890425,3.9587875295148063,4.030082264608713,4.243339114899988,MP,1,2,-1
3.889433187002188,4.2193648564672035,4.109552746977155,3.9489258359744506,4.540276046070101,BP,2,0,-1
4.094313572952335,4.565863782969428,4.172674846026208,4.248841872009888,4.430499288124659,BP,0,1,-1
4.053361888178833,4.007831197601229,4.282185725630269,4.132763933621488,4.453765731828859,BP,2,0,-1
4.045538082808348,4.179561822758018,4.417835174308696,4.200547721428381,4.336418901195749,BP,0,1,0
4.379879532344624,4.5077125446588,4.1889437615414895,4.29370196191761,4.465256565443714,MP,0,1,0
4.1914614825205,4.407779586154499,3.9485394589595257,3.9441236037000484,4.415461410760119,MP,2,0,-1
4.207371180077697,4.21599359797401,4.293342564872871,4.217345105921639,4.430777115516259,BP,0,1,0
4.2880779041166335,4.372062927388159,4.190389627675729,4.0150953541806595,4.313792403917695,MP,0,1,0
3.96533528846267,4.247991166768737,4.209108654019264,3.811178374091999,4.375840875586795,BP,2,0,-1
4.011428558012948,3.9563013375587874,4.24517999393888,4.236993688360889,4.49520649938384,BP,2,0,-1
4.097738209894506,4.291453809395137,4.323361474240416,4.386176639285525,4.334017415487521,BP,0,1,0
3.972309308138988,4.113925144537574,4.212667026215177,3.8254407093660903,4.408343942991255,BP,2,0,-1
4.0830914465016415,4.220215293167768,3.833178181872714,4.075905248161107,4.404929027891186,BP,2,0,-1
3.8857477906226974,3.544329842204043,4.085031412562887,3.8203168157233858,4.392430657972604,BP,2,0,-1
3.9162702907952065,3.6662957785175196,4.1172386519157484,4.013963667023903,4.362758864316225,LP,2,0,-1
4.104033782821728,4.075379791304754,4.35387816096482,4.076127300604601,4.292193097315078,BP,0,1,0
4.395220782840861,4.396733777707733,4.266712474952725,4.103502475736462,4.388464202332306,BP,0,1,0
4.247214423698455,4.4080201836666895,4.196441143168685,4.282930713835092,4.462838277410295,BP,0,1,0
4.118467953851672,4.23479049570036,3.955991169915803,4.156878470601208,4.278608675475393,MP,1,2,-1
4.058585151790626,4.023924441187555,3.8066441963737856,4.071636048085803,4.192630109207964,LP,1,2,-1
3.9428543512955048,3.8444886679272776,4.014029757395833,3.9959855834399707,4.472133908868894,BP,2,0,-1
4.139964716012621,3.888960984273466,4.196836198217876,4.008565580151648,4.297330756664367,BP,1,0,-1
4.426313417961443,4.209835004629717,4.306535066478045,4.101990980413624,4.350105878547452,BP,0,1,0
4.330167570806605,4.246110219541665,4.163677515039622,4.009387710036232,4.446643277759854,BP,0,1,0
4.243970830838877,4.3917074675249035,4.21716716248006,4.2252464467215365,4.351137781640136,LP,0,1,0
4.271892053596813,4.366103596219575,4.235613323940206,4.028731582410495,4.436633184164753,BP,0,1,0
4.024097397986385,4.226819102144672,3.855356132307631,3.7899670873942126,4.350578966314055,MP,1,2,-1
4.0489545651806695,4.33181920787546,4.29863594752234,4.1288178081910125,4.402686737370185,BP,0,1,0
3.966851729929109,4.11772260953504,4.113323281442211,4.0416773985262155,4.336375289254793,BP,1,2,0
4.352715465241864,4.253240579073613,4.3588849596186305,4.128715026450782,4.486086304598659,BP,0,1,-1
4.450419850892002,4.457004284882364,4.292779740232556,4.205274128858108,4.342072319166848,BP,0,1,-1
3.9039367778527136,3.4686967029707203,3.991047616224857,3.9597625248597814,4.34428149898717,BP,1,0,-1
4.136128795049668,4.126916115918393,3.8167686180069107,3.8450424738816276,4.1872781828717995,LP,1,2,-1
4.114324138998805,4.305290698154969,4.314972647911324,4.1640710480779095,4.237963789997018,BP,0,1,-1
4.1230433494126375,4.12855499230055,3.9118910177304898,3.787419973317311,4.279809322121588,LP,1,2,-1
4.5529914769843485,4.389240618839924,4.171055236128928,4.303639882916364,4.268577942166303,BP,0,1,-1
4.118188194796768,4.07736689836135,3.50339208754098,4.148755387973694,4.440884991680235,LP,2,0,-1
4.152530986365004,4.380409927442405,4.320363220788991,4.213137976249285,4.370712874773608,BP,0,1,0
4.5186882591391235,4.07768972949754,4.3370826487375815,4.1494449013637364,4.415219602029645,LP,0,1,-1
4.157428476183659,4.3485202752021035,3.87804675634805,3.9212724130603904,4.384066219971652,LP,2,0,-1
3.9517350008635974,4.333105870267286,4.44590648087472,4.165103399158474,4.34747832216936,BP,0,1,0
4.184880911272515,4.350908735820475,4.31200769874065,4.09000568407797,4.406719247264253,BP,0,1,0
4.248848609703558,4.172421232486555,3.890325072234588,3.745830893953446,4.343805421853684,LP,1,2,-1
4.1283438106548385,4.132602987195675,4.206517125230123,3.6896362303011676,4.5145158177199605,BP,2,0,-1
4.085675755047353,3.854926585338986,3.923505326312664,3.881896856682259,4.424087861029087,MP,2,0,-1
4.052219900035251,3.977500945364404,4.326292455625868,4.012850322358977,4.362503968185018,BP,2,0,0
4.105717689435199,4.147704362233983,4.0241243135814875,3.9849258862478854,4.411180824326455,LP,2,0,0
3.9960132685557213,4.28738969683674,4.202271569557331,4.05270878432626,4.41150452749348,BP,2,0,0
4.346307167158526,4.497722479398807,4.501869483181887,4.274839277181123,4.361228512036599,BP,0,1,-1
4.116046651662783,3.9619426202181325,4.023843544130129,4.083059394312835,4.3932962269321125,MP,2,0,0
4.065067843299607,4.049679565214593,4.549320161621462,4.37847117977422,4.424127810692517,BP,0,1,-1
4.2381154954720275,4.2980641755122075,3.9530217470547417,3.9022642874908167,4.2615524812060075,LP,1,2,-1
4.056266657745551,4.345194492877591,4.329872006776675,3.801356130777066,4.287532788245447,BP,1,1,-1
4.413860591871124,4.295952071107233,4.0507764722045385,4.150266650196013,4.266615783162554,MP,0,1,-1
4.267955474084274,4.343800612028172,4.209889206080402,4.092767102864705,4.366489895524753,BP,0,1,0
4.110167919567248,4.053142112259775,4.182806234710982,4.031667732512853,4.360973225476049,BP,2,0,0
4.174350210286054,3.9388835892308443,4.029197519945858,3.8897647159478135,4.453571801836977,MP,2,0,-1
4.208145035198633,4.28438876852047,4.157548414296158,4.16839797718207,4.398555936625092,BP,0,1,0
4.256907552763335,4.427441007102812,4.250672860095499,4.402527035688742,4.370122730171057,MP,0,1,-1
4.3595694474866535,4.197883982309433,4.109380331604115,4.105793565614047,4.375757021660286,BP,0,1,0
3.9892242207759696,4.037357228731635,3.9363942891610337,3.717593116876196,4.261881436306602,LP,1,2,-1
4.213729705284362,4.175689043165725,4.352619443379402,4.330592907203139,4.303659605599776,BP,0,1,0
3.9942608504356376,3.6373572138008927,4.418172549422633,4.028856973576054,4.416025403846011,BP,2,0,-1
4.197655227342653,4.052136953766547,3.803984113806287,3.826965830926405,4.281745788216137,BP,1,2,-1
3.8174128729171746,4.155386499206245,4.121122591896909,3.821122658389474,4.232462642118099,BP,1,2,-1
4.205969807128963,4.4245961853590385,4.35567889857423,4.306461935316908,4.307168381129456,BP,0,1,0
4.171795887877847,4.574602611325276,3.865787466412469,4.008189391377172,4.383275854074314,LP,0,0,-1
4.290685122982338,4.258788050218857,4.249612166002537,4.183276180992284,4.3480388723856205,BP,0,1,0
4.055142136223399,4.225685621049793,3.9026277980211117,4.036672029284166,4.402237675290012,BP,2,0,0
4.298636106058333,3.9027404753021004,4.104598844077514,3.9599832562564075,4.292193097315078,MP,1,0,-1
4.074327158847466,4.465851661639389,4.029369798224604,3.87094998495543,4.276619821648053,BP,1,2,-1
3.934442395693318,4.291837480247899,4.205134866855667,4.139886402885809,4.262163311719537,BP,1,1,-1
3.9507508072140554,4.324857075088992,4.339815576322675,4.179166737844533,4.266989824685523,BP,0,1,-1
3.9785771602413833,3.7622353860989812,4.014331163309871,3.990464588338504,4.265914077990263,MP,1,0,-1
2.3892819551202567,4.2334051644348465,2.201184978552315,1.966768379175722,4.358843299218225,BP,1,2,-1
4.203674655022124,4.388995459759183,4.090801014835613,4.088359405517259,4.29805608422688,BP,0,2,0
4.38093183363574,4.366519791542002,4.42136357356527,4.251153356444149,4.470914721763176,BP,0,1,-1
4.04625836718445,4.246382930133218,4.079746613055899,3.891947155680683,4.24367411526205,LP,1,2,-1
4.449641609132581,4.283318732695595,3.9636350862728302,4.120113589587976,4.419643498245188,BP,0,1,0
4.131521193583819,4.165140292119665,4.282692606088358,4.147809352417749,4.340336207619672,BP,0,1,0
4.4356744959039665,4.482324407836327,4.50735786635311,4.315455808471699,4.406312660554037,BP,0,1,-1
4.081644583854049,4.412555982968994,4.27957115549167,4.18630161954127,4.490731551582098,BP,0,1,0
4.083419297228666,4.45694599343236,4.2334575793374425,4.261056524175121,4.369363460720484,BP,0,1,0
4.167903950865713,4.209184037084965,4.006315790391282,4.045289993931075,4.348857573282368,BP,2,2,0
4.175444523827019,4.338565971543451,4.2258873683264655,4.032195146475773,4.442690471407676,BP,0,1,0
4.271273972065952,4.421803627462138,4.331369197219636,4.20398353467456,4.348943713346165,BP,0,1,0
4.269280154003082,4.402271933089114,4.319863735679943,4.270354943989052,4.521063676691091,BP,0,1,0
4.015143271221658,4.3935647872296375,4.064201686078792,4.277517282803374,4.324309241104458,LP,0,1,-1
4.045262661273259,4.40162470901749,4.154124653236467,4.079749950024317,4.312140507209715,BP,0,1,-1
4.18982216979327,4.397689139118954,3.819634223377498,4.011467619590192,4.448672309203595,MP,2,0,-1
3.8889248343856613,4.004299527848513,3.7891506500528043,3.8698901166586146,4.239886867512759,BP,1,2,-1
4.278430024965696,4.239348265901046,4.241561402544209,4.255008347935129,4.460260014192283,BP,0,1,0
4.0719613768464145,4.473622208642421,4.1018064471678795,4.07395806134727,4.399375273008494,BP,0,1,0
4.194953525686076,4.227385361263626,4.295537813173096,4.159183626373442,4.359908829420263,BP,0,1,0
4.161285775895253,3.717071625692779,4.165024257911123,3.770910259814868,4.410168576036762,LP,2,0,-1
4.264219370555929,4.245827329982072,3.971714852866044,4.1808030027544865,4.358032736259232,BP,0,2,-1
4.2151492949312654,4.036336069875204,4.004338694501235,3.87937227065916,4.360632741986209,BP,2,2,-1
4.055677272421361,4.164615744476898,4.00722136424811,3.881105296039342,4.225177873852958,LP,1,2,-1
4.283935803035183,4.331642862125843,4.205917747144153,3.9181397493729118,4.379815859376717,BP,0,1,0
3.9901662276707457,4.309313314866529,4.183166947727906,3.944860384622398,4.343805421853684,BP,2,2,-1
3.9479470972747994,3.784413365441368,4.194079307036105,3.6469799429125453,4.33829241763597,BP,1,0,-1
4.340077001951862,4.487187187877948,4.348396528828067,4.18144281567335,4.468586520867991,BP,0,1,0
4.188166167263649,4.206875386540175,4.2137662796066175,3.8850826827679845,4.314282982587362,BP,1,2,0
4.166268557723831,3.94725589568484,3.910144585920082,3.983934129470258,4.359994022809307,MP,2,2,-1
4.096831066278871,4.201586103298092,4.08376399504374,4.252870150858723,4.344670848130113,BP,0,2,0
4.180619935370637,4.277951311239083,4.085281779792442,4.075452325688139,4.4156225841023975,MP,2,1,0
4.05393765787741,4.190710673328167,4.293401705724534,4.189385887515703,4.318820558770089,BP,0,1,0
4.290915420041536,4.22964719668231,4.329641621740454,4.271161971844469,4.337682820821829,BP,0,1,0
4.487996016945278,4.1090696085789675,4.1338660947993855,4.138584852212202,4.4082627708657185,LP,0,1,-1
4.220073804714163,4.391645242688975,4.25059800228504,4.2037239996689015,4.499476281429027,BP,0,1,0
4.245761306769536,4.474064651175726,4.559980051483315,4.48142350355488,4.487737089095996,LP,0,1,-1
4.198811283501197,4.402271933089114,4.291546541179717,3.976980882132268,4.273745190588392,BP,0,1,0
4.159554835897722,4.279068277666398,4.313368748007407,4.168520746472775,4.522621563352932,BP,0,1,0
3.9839276330033555,4.031349193780038,4.373987218233688,4.0385105973305215,4.371386899569536,MP,2,0,0
4.163889177808371,3.761909609782926,3.7981555442861072,3.651925197181077,4.280040050532201,LP,1,2,-1
4.096303151476129,3.8254363890806475,4.040363414395054,3.87144992538763,4.485860986335662,BP,2,0,-1
4.147059097893259,4.377739021264221,4.335963373959535,4.179193607107478,4.483492074362823,BP,0,1,0
4.357480966643078,4.260163586048941,4.232605626096888,4.070058552637242,4.482814210361571,BP,0,1,0
4.197917727281994,4.4245961853590385,3.9902424074220515,4.064760225930799,4.456554161659308,BP,2,1,0
4.103458552243403,3.7109317894878298,3.9650806495897464,4.046295248675862,4.427318623865588,BP,2,0,-1
4.029932638095108,4.193631953686129,3.9786459791460778,4.124911673125373,4.314639615972027,MP,1,2,-1
4.076424957518772,4.142198041012763,4.284745388195164,4.211493411861337,4.418920925856157,BP,0,1,0
4.330898130161272,4.024097884098349,3.9713199998547473,4.2118450645530405,4.482663511495295,MP,2,0,-1
4.217519496517771,4.238228905681637,4.095255931484314,4.15188604784073,4.466176281929315,BP,0,1,0
4.370115971157519,4.265364515831432,4.071481595950405,4.192387445957564,4.41662932938022,BP,0,1,0
4.210366347398556,4.448985501677309,4.388234433280235,4.317157492922417,4.536534393597953,BP,0,1,-1
3.860936741105812,3.874355535147692,4.070526675268674,3.9446114347170824,4.379523504455763,MP,2,0,-1
4.077297396394223,4.243601837307305,3.888067873126265,4.088134460379925,4.446643277759854,BP,2,0,-1
4.38113926158555,3.88516744664925,3.871306914603593,4.129759149791831,4.477336814478207,MP,2,0,-1
4.024781442953956,4.272760274965618,3.7498879127981,4.06045462031435,4.2470179609305445,MP,1,2,-1
4.205458310202963,3.5334883977088736,4.097207890326292,3.960884008666222,4.405295469946547,LP,2,0,-1
4.066724516706673,4.379685419740458,3.929710060719345,4.061902562424298,4.306584439507024,BP,1,2,-1
3.98671242595866,4.292176387687141,4.41678880087535,4.236652856529375,4.377683885239745,BP,0,1,0
4.185138001270892,3.9981811643671183,4.227677329848136,4.011433873336742,4.429983118094736,BP,2,0,0
4.254938167580497,3.7673050256817477,4.072765555693482,4.08661925607939,4.3090078127703775,MP,1,0,-1
4.2939721615927855,4.35052432621799,3.9121262128466854,4.178870477715964,4.435883307464592,BP,0,2,0
4.042521519543056,3.793732817661056,4.096799473864364,3.950531685686335,4.28123898086119,LP,1,0,-1
4.1237880948456285,4.339395649479824,4.407360282072227,4.17722970769799,4.472933193361557,BP,0,1,-1
4.193068610413036,4.29364406215512,4.528351072484136,3.9105207342515236,4.475023534848246,BP,0,1,-1
4.027791388044754,4.152939003693291,4.287669961618612,4.146960994971369,4.203448064158762,BP,1,1,-1
3.763512886686828,4.154157962896135,4.148122892967156,3.98950408143959,4.424726864205909,BP,2,0,-1
4.332134249891262,4.368072751723131,4.161267620303708,4.180640494459618,4.391729410135267,BP,0,1,0
4.12759328841098,3.996043104720553,3.769151376534431,4.0067354080706,4.231688123732978,MP,1,2,-1
4.143055787410315,4.066362926655669,4.004898223876191,4.070022890125817,4.443631168376665,BP,2,0,0
4.16685846157295,4.345194492877591,4.272833184102361,4.194089562089748,4.193888192558362,BP,0,1,-1
4.013904813970855,4.031865584946546,3.877033790210296,3.7763439668057543,4.2878533084066195,LP,1,2,-1
4.232118371257219,4.320487254912759,4.2594045373741265,3.9104789031156524,4.3045154422322724,MP,0,1,0
4.17091348247797,4.115257337518881,4.520361103449673,4.400838434073009,4.402849982687447,BP,0,1,-1
4.133287185622271,3.9965910131223565,4.263417321901512,4.088400500192397,4.372691531196201,BP,2,0,0
4.197707383610495,3.907529770519975,4.251183580520139,4.047455587229292,4.37449836825309,BP,2,0,0
4.0203742189408205,4.174567954581209,3.6240604653002815,3.9732864591913564,4.340640244801418,LP,1,2,-1
4.173588440707516,4.07736689836135,4.158546376481176,3.8682715136050443,4.28588277412098,LP,1,2,-1
4.161307959601146,3.7085482680704906,3.979223712650818,3.8479589532501444,4.335982696172475,LP,1,2,-1
4.0373902118952,4.140587003051635,3.9213046504708995,4.121619102752376,4.288539791580417,LP,1,2,-1
4.298030622502793,4.353333476529265,4.206557527829006,3.9822970373612847,4.533996366533566,BP,2,1,-1
4.255476886151631,4.0057136928242585,4.154518078921372,4.115865030786254,4.3990066547085656,BP,2,0,0
4.15334897906914,4.232263764372388,4.3676365809581315,4.275773109403153,4.356708826689592,BP,0,1,0
4.258890334351563,4.3651680082416116,4.268882189619081,4.0018050985626825,4.394366846758486,MP,0,1,0
4.230373412734569,4.45514444280333,4.200685422212146,4.241356657602577,4.456283405280375,BP,0,1,0
4.27703423451111,4.311555085976152,4.384235912223134,4.313943522313764,4.482248972475585,BP,0,1,0
4.0537689148842615,4.422735346849731,3.858723248069556,4.052618865306759,4.332135865060416,BP,1,2,-1
4.345788267206673,4.475223123988165,4.214894998417572,4.0749335225398795,4.360973225476049,BP,0,1,0
3.9010508672352406,3.6423373827576295,4.093153654728468,4.028658798087882,4.436120171387377,BP,2,0,-1
4.01773886497247,4.187404626439589,4.148800726183123,3.9963105853332164,4.262492065978692,BP,1,2,-1
4.27975321537762,4.378712694060643,4.303392973903219,4.330023404976944,4.39156433915437,BP,0,1,0
4.2939721615927855,4.344434851270615,4.330436325062278,4.084534964628408,4.249304438371211,LP,0,1,-1
3.9122764969777544,4.233666019174187,4.1733608182607504,4.0438176928752565,4.38527136483877,MP,2,0,0
4.1715576887405525,4.336537787044735,4.1516957409714,4.19972545717555,4.484131857611035,BP,0,1,0
